ind,yrs,hit,med_spread,min_spread,sd_spread,spread25,roic25,wacc25,ep25,cap25,firms25,spread_e,spread_l,roic_e,roic_l,wacc_e,wacc_l,ep_e,ep_l,cap_e,cap_l,cap14,shock22,d_spread,d_roic,d_wacc,d_ep,cap_growth,cap_per_firm,reclass_years,reclassified
Advertising,12,100.0,45.865,19.92,17.46231136424437,19.92,27.72,7.81,2.5668,12.888,52.0,55.922,27.79,62.912,36.194,6.988000000000001,8.406,2.94684,3.0248800000000005,5.5389,11.53918,7.9354,-18.67,-28.132000000000005,-26.718,1.4179999999999993,0.0780400000000005,108.3298127787106,247.84615384615387,[],False
Aerospace/Defense,12,100.0,17.88,4.65,10.2968189777526,8.41,16.01,7.6,20.4027,242.5759,79.0,27.232,7.328,35.206,15.244,7.971999999999999,7.914,32.38176,15.45262,120.9314,211.3052,117.6691,-4.23,-19.904,-19.962000000000003,-0.0579999999999998,-16.929139999999997,74.73145932321961,3070.581012658228,[],False
Air Transport,12,75.0,4.54,-24.64,11.698752717769326,1.2,7.93,6.72,1.6738,138.9294,23.0,8.636,-4.258,14.614,2.120000000000001,5.978,6.376,10.033640000000002,-4.792260000000001,116.5678,128.44531999999998,111.1577,20.74,-12.893999999999998,-12.493999999999998,0.3979999999999997,-14.825900000000004,10.189366188604376,6040.408695652173,[],False
Apparel,12,100.0,8.655000000000001,2.96,2.8339403984237537,8.63,15.77,7.13,3.0895,35.7794,35.0,8.736,10.044,15.47,17.448,6.731999999999999,7.4,3.5505000000000004,3.73398,40.71866,37.4314,39.2089,-3.2200000000000006,1.3079999999999998,1.978000000000001,0.668000000000001,0.1834799999999998,-8.073104566800582,1022.2685714285716,[],False
Auto & Truck,12,16.666666666666664,-1.645,-7.18,2.7617093685548517,-7.13,2.25,9.38,-38.4842,539.5478,33.0,-0.348,-4.604,4.367999999999999,4.358,4.717999999999999,8.964,-1.1014,-22.394,297.94628,462.16417999999993,228.5538,-2.74,-4.256,-0.0099999999999997,4.246000000000001,-21.2926,55.11661363921037,16349.933333333336,[2020],True
Auto Parts,12,100.0,9.265,0.17,6.108113022609331,0.8,8.98,8.18,0.3981,49.9084,35.0,12.862,2.3880000000000003,20.448,10.566,7.584,8.177999999999999,4.67002,1.01154,37.8066,46.39702,48.1745,-8.4,-10.474,-9.882,0.5939999999999985,-3.65848,22.72201150063744,1425.9542857142858,[],False
Beverage (Alcoholic),12,100.0,9.455,5.84,2.597793206830472,9.26,15.74,6.48,3.2198,34.7663,14.0,11.128,9.162,18.432,16.041999999999998,7.308000000000002,6.882000000000001,2.3025400000000005,3.14974,20.84342,34.36742,18.2114,-4.93,-1.966000000000001,-2.390000000000001,-0.426000000000001,0.8471999999999995,64.88378586623497,2483.307142857143,[],False
Beverage (Soft),12,100.0,19.79,14.5,2.8512850638179823,22.7,29.03,6.33,27.3436,120.4566,27.0,18.088,21.962,25.270000000000003,29.262,7.18,7.302,15.89894,23.318639999999995,88.44332,105.82874,85.1867,-3.129999999999999,3.873999999999999,3.991999999999997,0.1219999999999998,7.419699999999995,19.657131821826667,4461.355555555556,[],False
Broadcasting,12,100.0,13.325,6.31,4.2121565591497045,9.48,14.57,5.09,5.2962,55.8726,24.0,15.144,8.274000000000001,21.028,14.01,5.884,5.736000000000001,6.542939999999999,5.496319999999999,43.43522,65.50026,39.8082,-6.160000000000001,-6.869999999999999,-7.017999999999999,-0.1479999999999997,-1.04662,50.79988083403284,2328.025,[],False
Building Materials,12,100.0,12.385000000000002,8.37,5.643343625256863,12.31,20.16,7.85,8.0393,65.30669999999999,41.0,10.382,19.062,17.628,27.462,7.248,8.400000000000002,2.7159000000000004,9.52612,25.758140000000004,52.0706,21.4526,0.2100000000000008,8.68,9.834,1.152000000000002,6.81022,102.15201874048354,1592.8463414634143,[],False
Business & Consumer Services,12,100.0,16.845,13.94,2.197301892335372,21.06,28.3,7.23,22.267,105.7103,155.0,16.842,18.322000000000003,24.31,25.966,7.466000000000001,7.646000000000001,7.517740000000001,17.0706,44.95686,92.15356,41.1539,-3.180000000000001,1.480000000000004,1.6559999999999988,0.1799999999999997,9.55286,104.98219848984114,682.001935483871,[],False
Cable TV,12,100.0,7.275,4.52,1.8834027876707788,6.86,12.06,5.2,20.410400000000003,297.3854,9.0,8.57,6.414,14.962,12.404,6.392,5.988,13.6069,17.57694,162.38388,276.07752,140.1996,-4.15,-2.1560000000000006,-2.558,-0.4039999999999999,3.970039999999999,70.01534881418033,33042.82222222222,[],False
Chemical (Basic),12,91.66666666666666,6.734999999999999,-2.5,6.616109071230934,-2.5,3.72,6.22,-2.0217,80.8923,29.0,9.008,8.308,15.812,15.386,6.803999999999999,7.0760000000000005,1.7216,5.912,19.16406,76.7497,16.8673,-5.629999999999999,-0.6999999999999993,-0.4260000000000001,0.2720000000000011,4.1904,300.48768371628984,2789.3896551724138,[2019],True
Chemical (Diversified),12,75.0,5.025,-5.36,4.608745556662964,-1.17,4.05,5.23,-0.1215,10.3428,4.0,5.7700000000000005,2.216,15.048000000000002,9.012,9.282,6.797999999999999,4.28364,0.2197399999999999,74.87186,10.124860000000002,73.9063,3.43,-3.5540000000000003,-6.036000000000001,-2.484000000000001,-4.0639,-86.47708231103114,2585.7000000000003,[],False
Chemical (Specialty),12,100.0,8.525,3.64,3.378646402799724,3.7,10.95,7.25,7.5748,204.5166,59.0,11.2,6.08,18.746,13.723999999999998,7.545999999999999,7.644,10.93884,11.1469,99.1231,188.33352,86.95660000000001,-1.4799999999999995,-5.119999999999999,-5.022000000000004,0.0980000000000007,0.2080599999999979,89.99962672676702,3466.383050847458,[2019],True
Coal & Related Energy,12,50.0,-2.445,-13.72,13.74590878528347,-13.17,-4.76,8.41,-0.8916000000000001,6.7702,16.0,-3.72,6.73,2.938,15.126,6.659999999999999,8.388,-1.7734399999999997,0.48662,28.455659999999995,6.16654,43.092,39.34,10.45,12.188,1.7280000000000006,2.26006,-78.329302500803,423.1375,[],False
Computer Services,12,100.0,18.455,11.79,4.462329871130986,18.52,26.35,7.83,16.8326,90.9058,64.0,22.94,16.384,30.354000000000003,24.166000000000004,7.412000000000001,7.781999999999999,18.18474,13.44202,80.42386000000002,82.81052,71.6037,3.539999999999999,-6.556000000000001,-6.187999999999999,0.3699999999999983,-4.742719999999999,2.967601903216255,1420.403125,[],False
Computers/Peripherals,12,100.0,24.555,11.43,8.894697560736379,35.05,44.76,9.71,113.9496,325.0754,36.0,18.896,33.234,27.43,42.306,8.534,9.07,50.10738,101.39592,276.22912,305.97776,219.8597,-6.550000000000004,14.338000000000005,14.875999999999998,0.5359999999999996,51.288540000000005,10.769552464273136,9029.872222222222,[],False
Construction Supplies,12,100.0,6.475,1.85,2.9987880127569118,8.42,16.71,8.29,12.8692,152.904,40.0,4.29,8.424000000000001,12.302,16.542,8.01,8.117999999999999,4.60836,11.58778,108.16622000000002,135.70208,107.2587,-2.62,4.134000000000001,4.24,0.1079999999999987,6.979419999999998,25.456986478773103,3822.6,[],False
Diversified,12,91.66666666666666,3.93,-6.21,6.674040789098119,7.53,14.82,7.3,51.5287,684.7451,20.0,2.456,9.284,9.072,16.833999999999996,6.616,7.55,14.6758,54.9591,624.7595200000001,596.6316400000001,730.0077,-23.39,6.828000000000001,7.761999999999995,0.9340000000000002,40.2833,-4.502193099834639,34237.255,[],False
Drugs (Biotechnology),12,58.333333333333336,0.87,-6.78,5.453223956078781,-4.97,3.53,8.49,-27.3318,550.05,496.0,4.828,-3.98,14.078,4.392,9.252,8.372,10.02054,-19.74534,246.278,471.63526,148.0338,-5.84,-8.808,-9.686,-0.8800000000000008,-29.765880000000003,91.5052339226403,1108.9717741935483,[],False
Drugs (Pharmaceutical),12,100.0,9.08,5.33,3.1827759705621563,9.1,16.95,7.85,55.0073,604.4224,228.0,8.672,8.565999999999999,16.921999999999997,16.73,8.250000000000002,8.164,28.9708,47.65518000000001,335.3845,569.4048799999999,349.038,-5.02,-0.1060000000000016,-0.1919999999999966,-0.086000000000002,18.68438000000001,69.77674281309957,2650.975438596492,[],False
Education,12,83.33333333333334,3.4,-2.65,3.1581894506284143,9.19,15.94,6.75,1.8716,20.3647,32.0,3.938,1.938,11.252,9.52,7.312,7.58,0.4689599999999999,0.38834,12.18024,15.89642,13.6631,-3.74,-2.0,-1.732000000000001,0.2679999999999998,-0.0806199999999999,30.50990785074841,636.396875,[],False
Electrical Equipment,12,100.0,15.45,2.83,6.048890707218869,6.6,15.6,8.99,5.3968,81.7317,112.0,16.698,7.459999999999999,24.854,16.456,8.156,8.994,4.953539999999999,4.12378,29.66112,62.68447999999999,29.5656,-9.77,-9.238,-8.397999999999996,0.8379999999999992,-0.8297599999999994,111.33551261719045,729.7473214285715,[],False
Electronics (Consumer & Office),12,25.0,-7.125,-15.98,10.252584892099016,-15.98,-8.35,7.63,-0.3039,1.9019,8.0,-1.544,-6.254,7.042,2.1140000000000003,8.588000000000001,8.367999999999999,0.01604,-0.18438,3.69756,2.786,3.7335,-19.19,-4.709999999999999,-4.927999999999999,-0.2200000000000024,-0.20042,-24.653014420320428,237.7375,[],False
Electronics (General),12,100.0,6.71,3.98,2.3491744197793096,10.06,17.91,7.85,9.4233,93.7002,114.0,5.34,8.325999999999999,12.516,16.238,7.178,7.915999999999999,3.4247,6.722199999999999,64.00124000000001,82.12307999999999,62.0141,-4.330000000000001,2.985999999999999,3.722,0.7379999999999995,3.297499999999999,28.31482640023846,821.9315789473684,[],False
Engineering/Construction,12,100.0,9.935,4.49,3.558948069814501,16.63,25.32,8.69,6.4032,38.499300000000005,48.0,10.062,9.614,17.626,17.375999999999998,7.568,7.761999999999999,2.35788,3.47752,23.29268,36.538700000000006,22.0983,-6.25,-0.4480000000000022,-0.2500000000000035,0.193999999999999,1.1196399999999995,56.86773698861618,802.0687500000001,[],False
Entertainment,12,100.0,8.015,0.09,10.475887754382644,5.29,12.42,7.13,11.3131,213.7349,92.0,23.098000000000003,2.496,30.996,10.242,7.898000000000001,7.7440000000000015,22.0376,4.379860000000001,96.18534,181.00714,90.7452,-3.92,-20.602000000000004,-20.754,-0.153999999999999,-17.657739999999997,88.18578797974826,2323.205434782609,[],False
Environmental & Waste Services,12,100.0,14.995,11.14,4.780362212091033,24.33,31.75,7.43,8.5792,35.262800000000006,53.0,13.214,21.984,20.164,29.458,6.95,7.475999999999999,3.73112,6.832239999999999,28.33082,30.77888,28.2028,0.0799999999999983,8.770000000000003,9.293999999999995,0.5259999999999989,3.101119999999999,8.640978270307741,665.3358490566039,[],False
Farming/Agriculture,12,100.0,2.935,0.01,3.3279207950583527,0.01,7.28,7.27,0.0081999999999999,160.5184,35.0,2.424,5.598000000000001,7.958,12.766,5.531999999999999,7.166,2.42406,7.251620000000001,99.54552,138.57178000000002,102.7917,-2.380000000000001,3.174000000000001,4.808,1.6340000000000003,4.827560000000001,39.20443632219715,4586.24,[],False
Food Processing,12,100.0,13.88,10.16,2.954679262704252,10.16,15.95,5.79,17.6806,174.0157,78.0,15.776,11.832,21.796,17.844,6.020000000000001,6.012,19.44932,19.8051,126.23636000000002,167.89248,96.1404,-4.970000000000001,-3.944000000000001,-3.951999999999998,-0.0080000000000017,0.3557800000000028,32.998511680786734,2230.970512820513,[],False
Food Wholesalers,12,100.0,11.05,4.92,2.8196964160682048,11.3,17.84,6.53,3.4016,30.0895,13.0,12.31,8.675999999999998,20.516,15.586000000000002,8.206,6.906000000000001,1.6676000000000002,2.42392,13.51458,27.38266,9.0553,0.6299999999999999,-3.634000000000002,-4.929999999999996,-1.299999999999999,0.7563199999999997,102.6156935694635,2314.576923076923,[],False
Furn/Home Furnishings,12,100.0,7.779999999999999,3.0,4.560219292972653,4.05,10.59,6.53,1.237,30.5243,27.0,9.508,7.266,16.146,14.31,6.636,7.042,1.9873200000000004,1.88916,20.84928,28.4464,18.6237,-12.920000000000002,-2.242000000000001,-1.836000000000002,0.4059999999999997,-0.0981600000000004,36.43828467937502,1130.5296296296297,[],False
Green & Renewable Energy,12,8.333333333333332,-2.62,-5.01,2.164214988200459,-2.41,3.64,6.04,-0.7821,32.5172,15.0,-2.98,-2.6,3.062,4.3740000000000006,6.04,6.972,-0.27704,-0.8712199999999999,8.91606,32.478300000000004,4.297,-2.66,0.3799999999999999,1.3120000000000007,0.9319999999999996,-0.5941799999999999,264.26740062314525,2167.813333333333,[2015],True
Healthcare Products,12,100.0,9.010000000000002,4.85,2.208335963406096,9.44,16.98,7.54,23.9329,253.6379,204.0,8.988000000000001,7.938,16.432,15.858,7.442,7.92,12.64296,17.06202,141.14285999999998,219.19782,148.017,-7.570000000000001,-1.0500000000000016,-0.5739999999999981,0.4779999999999997,4.419060000000002,55.302096046516304,1243.3230392156863,[],False
Healthcare Support Services,12,100.0,32.849999999999994,24.28,5.960481155583046,24.37,31.19,6.83,57.2868,235.1046,104.0,36.06,30.1,42.988,37.474,6.926,7.374,38.52698,60.22202,107.2095,205.65968000000004,103.6449,-2.4399999999999977,-5.960000000000001,-5.513999999999996,0.4479999999999995,21.69504000000001,91.82971658295207,2260.621153846154,[],False
Heathcare Information and Technology,12,100.0,7.109999999999999,3.64,3.880389214311556,5.49,13.72,8.22,8.5198,155.0909,115.0,8.118,7.956,15.644,16.58,7.528,8.623999999999999,4.4614,11.11596,56.59016,145.61304,44.5172,-10.32,-0.1619999999999999,0.9359999999999982,1.0959999999999983,6.654560000000001,157.31158915260178,1348.6165217391303,[],False
Homebuilding,12,100.0,6.85,2.05,5.209141367622766,7.64,14.91,7.27,9.0912,119.0349,30.0,3.068,12.685999999999998,9.518,21.592,6.448,8.904,2.01514,12.8321,64.55427999999999,103.74584,46.2074,2.0799999999999983,9.618,12.073999999999998,2.4559999999999995,10.816960000000002,60.71101714712024,3967.83,[],False
Hospitals/Healthcare Facilities,12,100.0,9.745,4.23,4.363406370201514,15.98,22.16,6.19,13.8167,86.4794,31.0,6.608,14.989999999999998,11.676,21.426,5.068,6.436,6.8729,11.243379999999998,112.96063999999996,75.02204,142.495,-5.1,8.381999999999998,9.749999999999998,1.3680000000000003,4.370479999999999,-33.585680817672404,2789.658064516129,[],False
Hotel/Gaming,12,75.0,3.75,-11.76,6.854800573983965,7.22,14.58,7.36,17.7606,245.9996,63.0,4.704,-1.0720000000000005,10.858,6.878,6.156000000000001,7.95,7.2457600000000015,-1.859319999999999,156.9694,233.95408,169.4039,4.91,-5.776,-3.98,1.7939999999999996,-9.10508,49.04438699517228,3904.755555555556,[],False
Household Products,12,100.0,24.415,18.62,4.333271910986599,27.39,34.42,7.03,29.8612,109.0282,110.0,22.21,27.294000000000004,29.388,34.77,7.178,7.476000000000001,22.00432,27.34334,99.54786,101.10742,98.5157,-9.43,5.084000000000003,5.382000000000005,0.2980000000000009,5.339020000000001,1.566643421566294,991.1654545454546,[],False
Information Services,12,100.0,24.885,15.18,6.55417262420504,15.18,22.17,7.0,2.8314,18.6539,15.0,29.054,18.410000000000004,36.49,26.278,7.436,7.87,24.87032,14.758860000000002,85.61052,69.64948000000001,69.5907,-1.0199999999999996,-10.643999999999998,-10.211999999999996,0.4340000000000001,-10.111459999999996,-18.64378349763556,1243.5933333333332,[2023],True
Insurance (General),12,75.0,5.455,-2.55,10.818178304048322,38.17,44.51,6.34,9.1463,23.964,21.0,-0.476,14.854000000000005,5.616,21.978,6.093999999999999,7.126,-0.92312,10.03658,212.76756,96.2356,236.7552,1.5699999999999985,15.330000000000002,16.362,1.032,10.959700000000002,-54.76960867530747,1141.142857142857,[],False
Insurance (Life),12,75.0,1.715,-5.57,2.8506366912418963,5.16,10.77,5.6,10.4502,202.3811,20.0,1.5380000000000005,0.0039999999999999,7.481999999999999,5.832,5.946,5.8260000000000005,4.00744,-0.2925999999999994,286.55578,292.32438,252.2628,-3.97,-1.5340000000000005,-1.6499999999999997,-0.1199999999999992,-4.300039999999999,2.01308101340687,10119.055,[],False
Insurance (Prop/Cas.),12,91.66666666666666,5.765000000000001,-0.78,4.66333173587167,12.71,18.49,5.78,37.5593,295.4958,57.0,4.664,8.856,10.67,15.211999999999998,6.005999999999999,6.351999999999999,7.82728,20.04976,166.41854,220.74522,170.4331,-13.54,4.192,4.541999999999998,0.3460000000000001,12.22248,32.64460798658608,5184.136842105262,[],False
Investments & Asset Management,12,100.0,1.585,0.04,2.318731856908518,8.12,14.25,6.13,27.937900000000003,343.93420000000003,283.0,1.2959999999999998,3.3840000000000003,7.348000000000001,9.218,6.048,5.837999999999999,2.70742,10.577000000000002,264.28368,304.09416,317.3665,-1.87,2.0880000000000005,1.8699999999999992,-0.2100000000000008,7.869580000000002,15.063540813416854,1215.31519434629,"[2020, 2021, 2023]",True
Machinery,12,100.0,16.855,13.55,1.7196740353563484,16.71,24.41,7.7,18.8117,112.5859,105.0,16.456,17.68,24.452000000000005,25.748,7.994,8.065999999999999,11.01588,17.16874,66.81142,97.94788,65.47319999999999,-3.469999999999999,1.2240000000000002,1.2959999999999958,0.0719999999999991,6.15286,46.60349982083902,1072.246666666667,[],False
Metals & Mining,12,83.33333333333334,11.645,-3.83,10.319912313169873,18.85,27.04,8.2,9.8409,52.2169,73.0,5.302,21.660000000000004,13.262,29.808,7.962000000000001,8.151999999999997,2.61294,9.6175,57.596500000000006,44.92338,73.3245,-5.809999999999999,16.358000000000004,16.546,0.1899999999999968,7.00456,-22.00328144939363,715.3000000000001,[],False
Office Equipment & Services,12,100.0,9.36,4.02,3.4268600346337017,10.34,18.26,7.92,0.7277,7.0378,14.0,12.512,6.936,20.660000000000004,14.37,8.144,7.432,1.16044,0.54626,9.23688,8.06054,9.3836,-3.7200000000000006,-5.5760000000000005,-6.290000000000003,-0.7119999999999997,-0.61418,-12.735252596114698,502.7000000000001,[],False
Oil/Gas (Integrated),12,41.66666666666667,-1.015,-9.87,7.840462648686909,3.38,8.45,5.07,17.9863,532.9129,4.0,-2.864,6.434,5.378,13.175999999999998,8.245999999999999,6.74,-12.33112,28.573880000000003,429.2527,461.80934,424.8397,14.72,9.298,7.797999999999998,-1.5059999999999985,40.905,7.584492770808415,133228.225,[],False
Oil/Gas (Production and Exploration),12,50.0,0.2849999999999999,-15.17,13.805047907460256,7.48,13.73,6.25,31.7402,424.1376,142.0,-6.364,12.342000000000002,1.6040000000000003,19.808,7.968000000000001,7.468000000000001,-32.99828,40.1284,488.6151,328.11990000000003,514.6618,37.22,18.706000000000003,18.204,-0.5,73.12668,-32.84695867974607,2986.884507042254,[],False
Oil/Gas Distribution,12,91.66666666666666,3.135,-0.24,4.047518506518045,6.57,12.35,5.78,13.415,204.077,23.0,2.058,5.632,8.044,11.824000000000002,5.986,6.192,6.712400000000001,10.39342,287.92896,184.84004,318.53090000000003,-1.87,3.574,3.780000000000001,0.2060000000000004,3.6810199999999984,-35.803595442431345,8872.913043478262,"[2017, 2020, 2021]",True
Oilfield Svcs/Equip.,12,66.66666666666666,5.145,-3.87,7.845982710723348,4.89,11.94,7.04,11.7726,240.5355,97.0,3.078,9.472,11.7,17.048,8.620000000000001,7.572,6.550540000000001,20.02918,221.82308,218.7883,244.5732,21.18,6.394,5.347999999999997,-1.048000000000001,13.47864,-1.368108314067218,2479.7474226804125,[],False
Packaging & Container,12,100.0,9.46,7.13,1.90466154632801,8.07,14.82,6.75,4.995100000000001,61.8866,19.0,10.72,8.41,16.716,14.992,5.996,6.5840000000000005,5.48944,6.329960000000001,52.071000000000005,75.24481999999999,38.3504,-1.9800000000000004,-2.3100000000000005,-1.7240000000000002,0.5880000000000001,0.8405200000000006,44.50427301184918,3257.1894736842105,[],False
Paper/Forest Products,12,100.0,5.895,0.78,12.645780108220077,3.49,10.41,6.93,0.2235,6.412,6.0,4.484,19.164,11.343999999999998,27.290000000000003,6.864,8.128,0.80386,0.9413999999999998,16.343780000000002,5.07042,23.0676,-6.339999999999996,14.679999999999998,15.946000000000003,1.2640000000000002,0.1375399999999997,-68.9764546512496,1068.6666666666667,[],False
Power,12,91.66666666666666,2.375,-0.12,1.192373174756455,1.91,6.92,5.01,20.1547,1056.5865,46.0,2.586,1.154,6.965999999999999,6.272,4.378,5.122,16.66572,10.8071,644.78546,934.85132,600.7946,-2.48,-1.432,-0.6939999999999991,0.7439999999999998,-5.85862,44.986414550973294,22969.271739130432,[],False
Precious Metals,12,50.0,-0.135,-5.12,6.821956697445256,17.99,25.45,7.47,9.7346,54.1248,56.0,-1.93,4.69,6.109999999999999,12.62,8.040000000000001,7.934,-0.4981,2.23944,25.18428,38.74432,28.1741,-14.47,6.619999999999999,6.510000000000002,-0.1060000000000007,2.73754,53.84327048460389,966.5142857142856,[],False
Publishing & Newspapers,10,100.0,6.99,5.03,1.972680353675622,11.69,17.63,5.95,1.4203,12.1539,19.0,7.1000000000000005,8.536,13.96,15.608,6.859999999999999,7.072,1.5422666666666665,1.09618,21.8453,12.909699999999996,,-2.1499999999999995,1.435999999999999,1.6479999999999997,0.2120000000000006,-0.4460866666666665,-40.90399307860273,639.6789473684211,[],False
R.E.I.T.,12,0.0,-1.935,-4.01,0.950051035311772,-2.11,3.2,5.32,-30.452,1440.0921,190.0,-1.64,-3.146,2.91,3.062,4.55,6.212,-18.77332,-43.10266,1154.4067,1374.75346,996.4609,-1.25,-1.506,0.1519999999999997,1.662,-24.32934,19.08744639129345,7579.432105263158,[],False
Real Estate (Development),12,8.333333333333332,-3.05,-8.24,2.2814965516413817,1.22,7.04,5.82,0.1296,10.6194,14.0,-4.696,-1.922,1.432,4.222,6.132,6.145999999999999,-0.29118,-0.1874,6.238659999999999,10.00794,4.5233,0.94,2.774,2.79,0.0139999999999993,0.1037799999999999,60.41810260536722,758.5285714285715,[],False
Real Estate (General/Diversified),12,25.0,-0.925,-4.92,3.648270138024321,-1.06,5.19,6.25,-0.042,3.9795,12.0,0.76,-1.02,8.798,5.198,8.038,6.220000000000001,0.00246,-0.03426,2.8776,3.18584,2.9416,-1.08,-1.78,-3.6000000000000005,-1.818,-0.03672,10.711704197942716,331.625,[],False
Real Estate (Operations & Services),12,58.333333333333336,3.06,-7.81,6.302272077063424,-1.47,5.94,7.41,-0.7183999999999999,49.0126,54.0,5.578,-5.703999999999999,12.398,1.4340000000000002,6.8180000000000005,7.138,0.94368,-3.37934,19.04918,56.99828,11.5949,1.0599999999999996,-11.282,-10.964,0.3199999999999994,-4.32302,199.21644921198708,907.6407407407409,[],False
Recreation,12,91.66666666666666,6.8500000000000005,-0.02,3.930910431208249,1.27,8.02,6.76,0.622,49.1029,49.0,8.174000000000001,3.79,14.832000000000004,11.24,6.658000000000001,7.452,2.0566,1.29752,25.1289,42.6931,24.9247,-9.92,-4.384000000000001,-3.5920000000000023,0.7939999999999987,-0.75908,69.89641408895734,1002.1,[],False
Reinsurance,12,83.33333333333334,2.5700000000000003,-1.92,6.790242776933456,4.51,10.14,5.64,0.4993999999999999,11.0766,1.0,2.89,6.287999999999999,9.17,12.418,6.279999999999999,6.13,0.51268,0.3736799999999999,18.04374,12.36528,15.7008,-2.69,3.3979999999999992,3.248000000000001,-0.1499999999999994,-0.1390000000000001,-31.470526620312636,11076.6,"[2022, 2024]",True
Restaurant/Dining,12,100.0,10.739999999999998,1.63,3.1397828529432354,11.2,18.36,7.16,14.3334,127.9444,64.0,10.608,10.14,16.55,18.282,5.941999999999999,8.144,9.6673,10.8261,91.5638,105.69558,96.1214,0.2499999999999991,-0.4679999999999999,1.731999999999999,2.202000000000001,1.1587999999999994,15.433806810114902,1999.13125,[],False
Retail (Automotive),12,100.0,5.07,3.32,1.526811641257293,5.42,12.19,6.78,6.5444,120.8534,34.0,5.118,5.88,11.312,13.716,6.192,7.836,2.97328,5.5821000000000005,58.3901,98.42036,49.0222,-3.4800000000000004,0.7619999999999996,2.403999999999998,1.644,2.6088200000000006,68.5565875037035,3554.5117647058823,[],False
Retail (Building Supply),12,100.0,24.7,7.16,10.900374889299576,25.44,34.95,9.51,21.5353,84.6544,14.0,15.668,32.744,24.014000000000003,43.112,8.346,10.368,9.31802,23.40168000000001,59.3862,73.56484,58.9379,-9.689999999999998,17.076,19.098,2.0219999999999985,14.083660000000007,23.87531109921161,6046.742857142857,[2018],True
Retail (Distributors),12,100.0,8.02,6.47,1.818692504037564,8.9,16.11,7.22,11.4648,128.8426,62.0,7.134,10.306,14.038,17.973999999999997,6.901999999999999,7.67,5.21354,11.16844,73.49566,109.74062,61.7819,1.58,3.171999999999999,3.935999999999997,0.7680000000000007,5.9549,49.31578272785087,2078.106451612903,[],False
Retail (General),12,100.0,5.895,0.96,3.583024264331443,6.32,13.59,7.27,54.0366,854.367,23.0,5.792,6.574000000000001,12.584,14.846,6.792,8.272,13.67792,26.41596,237.63812,555.3321399999999,249.2675,-7.96,0.7820000000000009,2.2620000000000005,1.4800000000000004,12.738040000000002,133.68815575548228,37146.391304347824,[2023],True
Retail (Grocery and Food),12,91.66666666666666,3.78,-0.48,2.359872235884174,-0.48,6.76,7.24,-0.2919,61.393,15.0,3.1,3.86,8.35,9.356,5.246,5.494,1.12688,2.09446,39.13132,56.47359999999999,50.3312,1.9800000000000004,0.7600000000000002,1.0060000000000002,0.2480000000000002,0.9675800000000004,44.318157424794215,4092.866666666667,[],False
Retail (Special Lines),12,100.0,5.995,0.36,3.317985309664814,13.53,21.54,8.01,13.8116,102.0888,94.0,5.752000000000001,8.926,12.326,17.144,6.578,8.218,13.21906,11.70028,233.06374,135.59815999999998,246.935,-5.47,3.1739999999999995,4.818,1.6399999999999997,-1.5187799999999978,-41.81928085424186,1086.0510638297874,[],False
Rubber& Tires,12,75.0,3.7,-2.64,6.032144889647212,-1.31,3.17,4.48,-0.1891,14.4225,3.0,10.372,1.0080000000000002,16.302,5.790000000000001,5.927999999999999,4.78,1.055,0.10634,10.905179999999998,13.13872,7.856199999999999,1.2099999999999995,-9.364,-10.512,-1.1479999999999988,-0.94866,20.481459269814927,4807.5,[2022],True
Semiconductor,12,100.0,8.7,1.01,4.901763056350854,16.68,27.23,10.55,107.8975,647.0094,66.0,6.956,9.926,15.762,19.992,8.806000000000001,10.068,18.07466,50.75742,248.21326,504.35508,215.7806,-9.5,2.97,4.229999999999997,1.2620000000000005,32.68276,103.1942531998492,9803.172727272728,[],False
Semiconductor Equip,12,100.0,16.134999999999998,1.48,8.83110150478856,18.51,28.4,9.89,14.5657,78.687,31.0,10.053999999999998,20.54,18.294,30.738,8.24,10.198,3.6602,12.73472,36.44134,65.13068000000001,34.7756,-5.369999999999997,10.486,12.444,1.958,9.07452,78.72745623514395,2538.2903225806454,[],False
Shipbuilding & Marine,12,50.0,0.125,-3.38,7.029124907817257,5.3,11.99,6.69,0.4326,8.1649,8.0,-1.414,9.07,5.946,15.651999999999996,7.361999999999999,6.581999999999999,-0.10478,0.74408,7.514419999999999,8.30426,8.7365,10.659999999999998,10.483999999999998,9.705999999999998,-0.7800000000000002,0.84886,10.510990868224024,1020.6125,[],False
Shoe,12,100.0,15.43,12.92,6.256865986234399,12.92,20.93,8.01,3.0278,23.4263,11.0,14.87,20.704,21.628,29.692,6.756,8.988,2.9982800000000003,5.14526,20.191840000000003,25.78772,17.941200000000002,-12.35,5.834000000000001,8.064000000000004,2.2319999999999998,2.1469799999999992,27.71357142291142,2129.663636363636,[],False
Software (Entertainment),12,100.0,12.82,6.11,4.961358180982301,18.57,27.02,8.44,145.1629,781.5203,77.0,14.010000000000002,14.913999999999998,22.352,23.916,8.34,9.004,6.8937,93.4731,66.49188000000001,622.07782,11.6593,-8.69,0.9039999999999964,1.564,0.6639999999999997,86.5794,835.5696063940437,10149.614285714286,[2018],True
Software (Internet),12,58.333333333333336,2.12,-12.82,7.465068298211992,-7.22,3.43,10.66,-3.5102,48.5914,29.0,5.97,-8.632,15.188,1.3,9.22,9.932,11.80424,-3.67802,189.33236,41.32568,177.4916,-8.940000000000001,-14.602,-13.887999999999998,0.7119999999999997,-15.48226,-78.17294412851558,1675.5655172413792,[2018],True
Software (System & Application),12,100.0,13.045,7.22,4.61605465804518,19.97,29.32,9.34,141.3589,707.701,309.0,9.296,16.06,17.616000000000003,25.378,8.32,9.316,25.51524,91.31514,285.37532,561.36654,227.1268,-8.319999999999999,6.763999999999999,7.761999999999993,0.9959999999999988,65.79990000000001,96.71166378367968,2290.294498381877,[],False
Steel,12,75.0,5.25,-14.98,15.117985275422075,-1.04,6.72,7.76,-0.6236,60.0093,19.0,-0.3960000000000004,17.541999999999998,7.796000000000001,25.454,8.190000000000001,7.914,-0.6234999999999994,10.230239999999998,44.91282,63.12452,50.1124,6.57,17.938,17.658,-0.2760000000000016,10.853739999999998,40.549001376444416,3158.384210526316,[],False
Telecom (Wireless),12,50.0,-0.0949999999999999,-4.19,3.438655811196984,4.89,10.37,5.48,8.5684,175.0934,12.0,-2.206,1.018,3.394,7.311999999999999,5.601999999999999,6.2940000000000005,-2.7237,1.77634,125.97856,176.01958,116.2084,-2.54,3.224,3.918,0.6920000000000011,4.50004,39.7218542583754,14591.116666666669,[],False
Telecom. Equipment,12,100.0,14.035,5.3,5.969051178344593,17.75,25.47,7.72,15.7315,88.6165,57.0,6.305999999999999,17.503999999999998,14.176000000000002,25.65,7.872,8.144,8.90632,14.02992,143.49962,80.56299999999999,160.0492,-5.5,11.198,11.473999999999997,0.2720000000000002,5.1236,-43.85838791768229,1554.6754385964912,[],False
Telecom. Services,12,100.0,8.805,5.31,3.972864778148703,6.65,12.04,5.39,32.1488,483.6354,39.0,11.566,7.126,17.554000000000002,12.648,5.988,5.518,34.64512,33.3858,311.18748,473.45906,233.7198,-5.830000000000001,-4.439999999999999,-4.906000000000002,-0.4700000000000006,-1.2593200000000024,52.145921808936535,12400.907692307692,[],False
Tobacco,12,100.0,56.755,41.84,15.803912058842783,56.14,63.08,6.94,21.9626,39.1201,10.0,70.706,59.062,79.652,67.33399999999999,8.946,8.272,19.26676,20.49302,28.55164,35.1617,23.8787,-2.1500000000000057,-11.644000000000004,-12.318000000000012,-0.6739999999999995,1.2262599999999964,23.151244551976724,3912.01,[],False
Transportation,12,100.0,11.405,3.18,4.960052846737042,6.28,13.0,6.72,10.3475,164.7691,19.0,13.901999999999996,9.752,20.994,16.926000000000002,7.093999999999999,7.174,7.69714,10.43142,55.18994,126.71306,45.9373,-1.25,-4.149999999999999,-4.067999999999998,0.08,2.734279999999999,129.59448769105384,8672.057894736843,"[2023, 2024]",True
Transportation (Railroads),12,100.0,7.14,4.26,1.871836523229785,6.97,14.24,7.27,7.8118,112.0606,4.0,7.620000000000002,8.040000000000001,15.906,15.162,8.290000000000001,7.12,6.557079999999999,8.38108,87.1542,104.95726,78.9708,-3.1800000000000006,0.419999999999999,-0.7439999999999998,-1.1700000000000008,1.8240000000000016,20.427082114229695,28015.15,[2016],True
Trucking,12,75.0,1.84,-8.83,4.296123252421886,1.78,9.3,7.52,1.0281,57.8285,26.0,2.99,1.926,9.52,10.128,6.5280000000000005,8.203999999999999,1.48746,1.21646,52.26152,69.76544,51.3475,3.94,-1.064,0.6080000000000005,1.6759999999999984,-0.2709999999999999,33.49294088652608,2224.1730769230767,[],False
Utility (General),12,91.66666666666666,2.69,-0.08,1.2239092237085183,1.64,5.99,4.36,6.6813,408.2037,14.0,2.954,1.166,6.666,6.048,3.714,4.884,7.373499999999998,4.22856,250.15388,361.2125,246.5631,-2.12,-1.7879999999999998,-0.6179999999999994,1.1699999999999997,-3.1449399999999983,44.39612129941779,29157.407142857144,[],False
Utility (Water),12,100.0,2.7350000000000003,0.4,1.2240791220218148,4.03,8.96,4.93,1.7314,42.9987,14.0,2.838,2.7720000000000007,7.529999999999999,8.768,4.694,5.994,0.51646,1.00664,18.3245,35.83942,16.1404,-4.08,-0.0659999999999993,1.238000000000001,1.2999999999999998,0.4901799999999999,95.58198040874235,3071.335714285714,[],False
